<?xml version="1.0" encoding="UTF-8"?>
<!-- - - - - - - - - - - - - - - - - - - - - - - - - - - - - - - - - - - - - - - - - - - - - -
  - AI Game Development: Learning & Reactive Behaviors
  -
  - Copyright (c) 2002-2003 Alex J. Champandard, All Rights Reserved.
  - 
  - This program is free software; you can redistribute it and/or modify it under the terms 
  - of the GNU General Public License (GPL) as published by the Free Software Foundation.  
  - This program is distributed in the hope that it will be useful, but WITHOUT ANY WARRANTY, 
  - without even the implied warranty of MERCHANTABILITY or FITNESS FOR A PARTICULAR PURPOSE.
  - See the attached LICENSE file for details.  
  -
  - 
  - File:          Architecture.xml
  - Description:   An architecture definition Colin using weapons, various vision interfaces
  -                and one for navigation.
  - Author:        Alex J. Champandard
  - Contact:       alex@ai-depot.com
  - Revisions:     See bottom of file.
  - - - - - - - - - - - - - - - - - - - - - - - - - - - - - - - - - - - - - - - - - - - - - -->
<architecture xmlns:xi="http://www.w3.org/2001/XInclude"><component type="SelectorBrain">
    
    <description>
      Selector uses the standard components from the previous chapters.  This delegates the
      functionality for weapon handling and navigation, among others -- leaving the brain with
      the problem of learning weapon fitnesses using a decision tree.
    </description>

    <import><interface type="Simple" name="navigate" source="Navigation"/><interface type="Handling" name="attack" source="Weapon"/><interface type="Train" name="induce" source="DecisionTree"/><interface type="Simulate" name="evaluate" source="DecisionTree"/><interface type="Symbolic" name="visual" source="Vision"/><interface type="Space" name="space" source="Vision"/>      
      <interface type="Personal" name="personal" source="Backend"/><interface type="Relative" name="motion" source="Motion"/></import>
    
    <scope><component type="DecisionTree"><description>
          The decision tree is used to evaluate the benefit of weapons.  Features of the
          environment are used as predictor variables to extract patterns from the weapon
          fitness.
        </description></component><component type="Weapon" xml:base="demos/common/Weapon.xml"><description>
    This component contains the weapon handling skills, based on the ideas in Part III of the
    book.  It takes care of prediction, aiming and firing.
	</description><update period="0.1"/><import><interface type="Symbolic" name="visual" source="Vision"/><interface type="Conversion" name="convert" source="Navigation"/><interface type="Relative" name="motion" source="Motion"/><interface type="Weapon" name="backend" source="Backend"/></import></component><component xmlns:xi="http://www.w3.org/2001/XInclude" type="Navigation" xml:base="demos/common/Navigation.xml"><description>
		The navigation system provides reactive movement based on steering
		behaviors -- as described throughout Part II of the book.  As a separate
		component, robust abilities for navigation can be easily called upon but
		without getting in the way of higher-level AI.
	</description><update period="0.1"/><import><interface type="Relative" name="motion" source="Motion"/><interface type="Relative" name="physics" source="Physics"/><interface type="State" name="state" source="Physics"/><interface type="Space" name="space" source="Vision"/><interface type="Visual" name="debug" source="Debug"/></import><scope><component type="Motion" xml:base="demos/common/Motion.xml"><description>
		The motion component provides actions for turning and stepping in arbitrary directions.
	</description><import><interface type="Motion" name="backend" source="Backend"/></import></component><component type="Physics" xml:base="demos/common/Physics.xml"><description>
		The physics component provides senses for querying physical senses, useful for
		monitoring movement or checking the current state.
	</description><import><interface type="Physics" name="backend" source="Backend"/></import></component><component type="Vision" xml:base="demos/common/Vision.xml"><description>
		The component provides sensory capabilities via a high-level emulation of human vision.
		The visual component is partly responsable for providing a sense of space, but also
		returning visible entities as symbols.
	</description><import><interface type="Vision" name="backend" source="Backend"/><interface type="Conversion" name="convert" source="Physics"/></import></component><component type="Debug" xml:base="demos/common/Debug.xml"><description>
		The debug component offers facilities for assisting the AI development visually.
	</description><import><interface type="Debug" name="backend" source="Backend"/><interface type="Conversion" name="convert" source="Physics"/></import></component></scope>	

</component></scope>
    
  </component>
  
  <component type="Backend" xml:base="demos/common/Body.xml"><description>
		The body is a component implemented within the game engine that allows the brain to
		interact with the environment via backend interfaces.
	</description></component>
  
</architecture>
<!-- - - - - - - - - - - - - - - - - - - - - - - - - - - - - - - - - - - - - - - - - - - - - -
  - Revisions:    
  -                    $Log: Architecture.xml,v $
  -                    Revision 1.3  2004/04/07 22:54:09  alexjc
  -                    Changes to accomodate the new location of the header files
  -
  -                    Revision 1.2  2004/03/23 20:42:36  alexjc
  -                    Changes to support reorganised common files and module directories
  -
  -                    Revision 1.1  2003/11/18 23:16:19  alexjc
  -                    Selector the animat works with new framework.
  -
  - - - - - - - - - - - - - - - - - - - - - - - - - - - - - - - - - - - - - - - - - - - - - -->
