<?xml version="1.0" encoding="UTF-8"?>
<!-- - - - - - - - - - - - - - - - - - - - - - - - - - - - - - - - - - - - - - - - - - - - - -
  - AI Game Development: Learning & Reactive Behaviors
  -
  - Copyright (c) 2002-2003 Alex J. Champandard, All Rights Reserved.
  - 
  - This program is free software; you can redistribute it and/or modify it under the terms 
  - of the GNU General Public License (GPL) as published by the Free Software Foundation.  
  - This program is distributed in the hope that it will be useful, but WITHOUT ANY WARRANTY, 
  - without even the implied warranty of MERCHANTABILITY or FITNESS FOR A PARTICULAR PURPOSE.
  - See the attached LICENSE file for details.
  -
  - 
  - File:			Architecture.xml
  - Description:	A simple architecture for Tobor that includes a movement effector and a 
  -					sensor for the physical state.  This file is used to decide how to connect
  - 				the components together, usually during the initialisation.
  - Author:			Alex J. Champandard
  - Contact:		alex@ai-depot.com
  - Revisions:		See bottom of file.
  - - - - - - - - - - - - - - - - - - - - - - - - - - - - - - - - - - - - - - - - - - - - - -->
<architecture>
<!-- This architecture is a hierarchical collection of components.  The brain depends on sensors
and effectors that are other components lower down in the hierarchy. -->
  <component type="ToborBrain">
    <description>
			The brain disposes of sensors and effectors to interact with the environment.  The
			physical sensor allows the AI code to determine relative movement and isolate
			obstacles, and the motion interface provides actions for avoiding problems by
			turning.
		</description>
<!-- The source files for the brain will have two variables registered automatically, one for
'motion' the other for 'state'. -->
    <import>
      <interface type="Relative" name="motion" source="Motion"/>
      <interface type="State" name="state" source="Physics"/>
    </import>
<!-- This brain still depends on two components, although the means of interaction with the
environment are slightly different. -->
    <scope>
      <component type="Motion">
        <description>
					The motion component provides actions for turning and stepping in arbitrary
					directions.
				</description>
        <import>
          <interface type="Motion" name="backend" source="Backend"/>
        </import>
      </component>
      <component type="Physics">
        <description>
					The physics component provides sensory information from body contact with
					the environment.  In this architecture, the physics senses are used to query
					the current state.  Obstacle collisions can thereby be detected as boolean
					facts.
				</description>
        <import>
          <interface type="Physics" name="backend" source="Backend"/>
        </import>
      </component>
    </scope>
  </component>
<!-- The body tag is at the top-level of the architecture in the XML because it is included by
multiple components.  This is a neutral place to declare it, in parallel with the brain. -->
  <component type="Backend">
    <description>
			The body is a component implemented within the game engine that allows the brain to
			interact with the environment via backend interfaces.
		</description>
  </component>
</architecture>
<!-- - - - - - - - - - - - - - - - - - - - - - - - - - - - - - - - - - - - - - - - - - - - - -
  - Revisions:		
  -					$Log: Architecture.xml,v $
  -					Revision 1.3  2004/04/07 22:53:47  alexjc
  -					Changes to accomodate the new location of the header files
  -					
  -					Revision 1.2  2003/10/03 15:44:10  alexjc
  -					- added inline comments for documentation tools
  -					- formatted the layout according to previous examples
  -					
  -					Revision 1.1  2003/09/11 00:51:01  alexjc
  -					working version of Tobor
  -					
  - - - - - - - - - - - - - - - - - - - - - - - - - - - - - - - - - - - - - - - - - - - - - -->
