<knowledge>
  <Feelings start="(feelings)">
	  <!-- this simple FSA is close to a rule based system -->
    <state name="(feelings)">
      <transition target="pity" input="frags_positive" />
      <transition target="pity" input="damage_advantage" />
      <transition target="pity" input="good_shooting" />
      <transition target="hatred" input="frags_negative" />
      <transition target="hatred" input="tactical_disadvantage" />
      <transition target="hatred" input="good_dodging" />
      <transition target="attraction" input="no_shots_received" />
      <transition target="attraction" input="no_damage_taken" />
      <transition target="attraction" input="tactical_advantage" />
      <transition target="disgust" input="poor_dodging" />
      <transition target="disgust" input="poor_shooting" />
      <transition target="disgust" input="damage_disadvantage" />
    </state>
    <state name="pity" output="pity" />
    <state name="hatred" output="hatred" />
    <state name="attraction" output="attraction" />
    <state name="disgust" output="disgust" />
  </Feelings>

  <Emotions>
    <memory>
    <!-- sensations are modelled in the same fuzzy environment -->
      <Term name="pleasure" value="0.0" />
      <Term name="confusion" value="0.0" />
      <Term name="attraction" value="0.0" />
      <Term name="disgust" value="0.0" />
      <Term name="anticipation" value="0.0" />
      <Term name="surprise" value="0.0" />
      <Term name="discovery" value="0.0" />
      <Term name="pain" value="0.0" />
    <!-- emotions are derived from these -->
      <Term name="pride" value="0.0" />
      <Term name="fear" value="0.0" />
      <Term name="boredom" value="0.0" />
      <Term name="weariness" value="0.0" />
      <Term name="shame" value="0.0" />
      <Term name="amusement" value="0.0" />
      <Term name="anger" value="0.0" />
      <Term name="joy" value="0.0" />
      <Term name="sorrow" value="0.0" />
    <!-- stimuli also need expressing -->
      <Term name="armor_loss" />
      <Term name="health_loss" />
      <Term name="new_objects" />
      <Term name="new_enemies" />
      <Term name="unexpected_sound" />
      <Term name="enemy_disappear" />
      <Term name="low_ammo" />
      <Term name="enemy_fire" />
      <Term name="many_enemies" />
      <Term name="many_objects" />
      <Term name="armor_gain" />
      <Term name="health_gain" />
    <!-- loopback with small decay for all values -->
      <Term name="(decay)" />
    </memory>
    <rulebase>
    <!-- map stimuli to sensations -->  
      <Rule>
        <conditions><Term name="armor_loss" value="1.0" /></conditions>
        <actions><Term name="pain" value="1.0" /></actions>
      </Rule>
      <Rule>
        <conditions><Term name="health_loss" value="1.0" /></conditions>
        <actions><Term name="pain" value="1.0" /></actions>
      </Rule>
      <Rule>
        <conditions><Term name="new_objects" value="1.0" /></conditions>
        <actions><Term name="discovery" value="1.0" /></actions>
      </Rule>
      <Rule>
        <conditions><Term name="new_enemies" value="1.0" /></conditions>
        <actions><Term name="discovery" value="1.0" /></actions>
      </Rule>
      <Rule>
        <conditions><Term name="unexpected_sound" value="1.0" /></conditions>
        <actions><Term name="surprise" value="1.0" /></actions>
      </Rule>
      <Rule>
        <conditions><Term name="enemy_disappear" value="1.0" /></conditions>
        <actions><Term name="surprise" value="1.0" /></actions>
      </Rule>
      <Rule>
        <conditions><Term name="low_ammo" value="1.0" /></conditions>
        <actions><Term name="anticipation" value="1.0" /></actions>
      </Rule>
      <Rule>
        <conditions><Term name="enemy_fire" value="1.0" /></conditions>
        <actions><Term name="anticipation" value="1.0" /></actions>
      </Rule>
      <Rule>
        <conditions><Term name="many_enemies" value="1.0" /></conditions>
        <actions><Term name="confusion" value="1.0" /></actions>
      </Rule>
      <Rule>
        <conditions><Term name="many_objects" value="1.0" /></conditions>
        <actions><Term name="confusion" value="1.0" /></actions>
      </Rule>
      <Rule>
        <conditions><Term name="armor_gain" value="1.0" /></conditions>
        <actions><Term name="pleasure" value="1.0" /></actions>
      </Rule>
      <Rule>
        <conditions><Term name="health_gain" value="1.0" /></conditions>
        <actions><Term name="pleasure" value="1.0" /></actions>
      </Rule>
      
      <!-- emotions -->
      
      <Rule>
        <conditions>
          <Term name="pleasure" value="1.0" />
          <Term name="anticipation" value="1.0" />
        </conditions>
        <actions><Term name="pride" value="1.0" /></actions>
      </Rule>
      <Rule>
        <conditions>
          <Term name="pain" value="1.0" />
          <Term name="confusion" value="1.0" />
        </conditions>
        <actions><Term name="shame" value="1.0" /></actions>
      </Rule>
      <Rule>
        <conditions>
          <Term name="confusion" value="1.0" />
          <Term name="disgust" value="1.0" />
        </conditions>
        <actions><Term name="fear" value="1.0" /></actions>
      </Rule>
      <Rule>
        <conditions>
          <Term name="pain" value="1.0" />
          <Term name="surprise" value="1.0" />
        </conditions>
        <actions><Term name="anger" value="1.0" /></actions>
      </Rule>
      <Rule>
        <conditions>
          <Term name="disgust" value="1.0" />
          <Term name="confusion" value="1.0" />
        </conditions>
        <actions><Term name="sorrow" value="1.0" /></actions>
      </Rule>
      <Rule>
        <conditions>
          <Term name="pleasure" value="1.0" />
          <Term name="attraction" value="1.0" />
        </conditions>
        <actions><Term name="joy" value="1.0" /></actions>
      </Rule>
      <Rule>
        <conditions>
          <Term name="discovery" value="1.0" />
          <Term name="surprise" value="1.0" />
        </conditions>
        <actions><Term name="amusement" value="1.0" /></actions>
      </Rule>
      <Rule>
        <conditions>
          <Term name="anticipation" value="1.0" />
          <Term name="confusion" value="1.0" />
        </conditions>
        <actions><Term name="weariness" value="1.0" /></actions>
      </Rule>
      <Rule>
        <conditions>
          <Term name="disgust" value="1.0" />
          <Term name="anticipation" value="1.0" />
        </conditions>
        <actions><Term name="boredom" value="1.0" /></actions>
      </Rule>

    <!-- loopback connections -->
      <Rule>
        <conditions><Term name="pleasure" value="1.0" /><Term name="(decay)" value="1.0" /></conditions>
        <actions><Term name="pleasure" value="1.0" /></actions>
      </Rule>
      <Rule>
        <conditions><Term name="confusion" value="1.0" /><Term name="(decay)" value="1.0" /></conditions>
        <actions><Term name="confusion" value="1.0" /></actions>
      </Rule>
      <Rule>
        <conditions><Term name="attraction" value="1.0" /><Term name="(decay)" value="1.0" /></conditions>
        <actions><Term name="attraction" value="1.0" /></actions>
      </Rule>
      <Rule>
        <conditions><Term name="disgust" value="1.0" /><Term name="(decay)" value="1.0" /></conditions>
        <actions><Term name="disgust" value="1.0" /></actions>
      </Rule>
      <Rule>
        <conditions><Term name="anticipation" value="1.0" /><Term name="(decay)" value="1.0" /></conditions>
        <actions><Term name="anticipation" value="1.0" /></actions>
      </Rule>
      <Rule>
        <conditions><Term name="surprise" value="1.0" /><Term name="(decay)" value="1.0" /></conditions>
        <actions><Term name="surprise" value="1.0" /></actions>
      </Rule>
      <Rule>
        <conditions><Term name="discovery" value="1.0" /><Term name="(decay)" value="1.0" /></conditions>
        <actions><Term name="discovery" value="1.0" /></actions>
      </Rule>
      <Rule>
        <conditions><Term name="pain" value="1.0" /><Term name="(decay)" value="1.0" /></conditions>
        <actions><Term name="pain" value="1.0" /></actions>
      </Rule>
      <Rule>
        <conditions><Term name="pride" value="1.0" /><Term name="(decay)" value="1.0" /></conditions>
        <actions><Term name="pride" value="1.0" /></actions>
      </Rule>
      <Rule>
        <conditions><Term name="fear" value="1.0" /><Term name="(decay)" value="1.0" /></conditions>
        <actions><Term name="fear" value="1.0" /></actions>
      </Rule>
      <Rule>
        <conditions><Term name="boredom" value="1.0" /><Term name="(decay)" value="1.0" /></conditions>
        <actions><Term name="boredom" value="1.0" /></actions>
      </Rule>
      <Rule>
        <conditions><Term name="weariness" value="1.0" /><Term name="(decay)" value="1.0" /></conditions>
        <actions><Term name="weariness" value="1.0" /></actions>
      </Rule>
      <Rule>
        <conditions><Term name="shame" value="1.0" /><Term name="(decay)" value="1.0" /></conditions>
        <actions><Term name="shame" value="1.0" /></actions>
      </Rule>
      <Rule>
        <conditions><Term name="amusement" value="1.0" /><Term name="(decay)" value="1.0" /></conditions>
        <actions><Term name="amusement" value="1.0" /></actions>
      </Rule>
      <Rule>
        <conditions><Term name="anger" value="1.0" /><Term name="(decay)" value="1.0" /></conditions>
        <actions><Term name="anger" value="1.0" /></actions>
      </Rule>
      <Rule>
        <conditions><Term name="joy" value="1.0" /><Term name="(decay)" value="1.0" /></conditions>
        <actions><Term name="joy" value="1.0" /></actions>
      </Rule>
      <Rule>
        <conditions><Term name="sorrow" value="1.0" /><Term name="(decay)" value="1.0" /></conditions>
        <actions><Term name="sorrow" value="1.0" /></actions>
      </Rule>
    </rulebase>
  </Emotions>
<!--
  <Mannerisms>
  </Mannerisms>

  <Moods>
  </Moods>
-->
</knowledge>  
