<?xml version="1.0" encoding="UTF-8"?>
<!-- - - - - - - - - - - - - - - - - - - - - - - - - - - - - - - - - - - - - - - - - - - - - -
  - AI Game Development: Learning & Reactive Behaviors
  -
  - Copyright (c) 2002-2003 Alex J. Champandard, All Rights Reserved.
  - 
  - This program is free software; you can redistribute it and/or modify it under the terms 
  - of the GNU General Public License (GPL) as published by the Free Software Foundation.  
  - This program is distributed in the hope that it will be useful, but WITHOUT ANY WARRANTY, 
  - without even the implied warranty of MERCHANTABILITY or FITNESS FOR A PARTICULAR PURPOSE.
  - See the attached LICENSE file for details.
  -
  - 
  - File:			Architecture.xml
  - Description:	A simple architecture for Dr. Spin that includes a movement effector.
  -					This file is used to decide how to connect the components together, usually
  - 				during the initialisation. 
  - Author:			Alex J. Champandard
  - Contact:		alex@ai-depot.com
  - Revisions:		See bottom of file.
  - - - - - - - - - - - - - - - - - - - - - - - - - - - - - - - - - - - - - - - - - - - - - -->
<architecture><!-- An architecture is a collection of components.  These can be declared linearly in any order, even nested arbitrarily within each other.  The structure of the components generally forms a
hierarchy, but the specification offers the freedom to declare directed graphs. --> 


	<component type="SpinBrain"><!-- The component element describes an instance in the architecture. The component is
instanciated based on the 'type' attribute,  usually created by a factory class during
initialisation.  Multiple components of the same type can be created by giving them a name
attribute.  By default, the attribute 'name' is assumed to be the 'type'. --><description>
			The brain is responsible for requesting the spinning movement.  An interface for 
			relative movement is the only one required to do achieve its task.
		</description><!-- In order for the components to work, their interfaces need to be assigned.  The 'import'
tag connect the components together by specifying which components should be used to provide the
interfaces.  The source components essentially export the interface based on its type, and the
current component imports it based on the name. --><import><interface type="Relative" name="motion" source="Motion"/></import><!-- The scope is a set of components that are nested within this component.  This is useful for
specifying strict hierarchies.  The components listed below are in essence dependencies of this
component. --><scope><component type="Motion"><description>
					The motion component provides effector functionality.  In particular, it
					allows parent components to turn and move in arbitrary directions, 
					relatively to the current position.  All the movement requests are
					translated into an appropriate format, and passed to the Body via a
					backend interface.
				</description><!-- The motion component is essentially a wrapper around the basic functions provided by the
body.  It provides support for customisation parameters (e.g. turning precision) among other
things. --><import><interface type="Motion" name="backend" source="Backend"/></import></component></scope></component><!-- Since the body only provides interfaces for movement in this architecture, the following
tag could be placed within the scope of the Motion component.  However, the Body generally
provides interfaces for multiple components (sensors and effectors), so putting it at the top
level of the architecture is recommended. --><component type="Backend"><description>
			The body allows the brain to interact with the environment via sensors and 
			effectors.  All facilities are provided by backend interfaces implemented 
			within the game engine.  This component behaves like all others, but is almost
			always a leaf of the hierarchy.

			The body is a component for the sake of uniformity, but is implemented in the FEAR
			platform (i.e. within the game engine).  Thus, all the platform dependent code is in
			the body.
		</description></component></architecture>
<!-- - - - - - - - - - - - - - - - - - - - - - - - - - - - - - - - - - - - - - - - - - - - - -
  - Revisions:		
  -					$Log: Architecture.xml,v $
  -					Revision 1.4  2004/04/07 22:53:45  alexjc
  -					Changes to accomodate the new location of the header files
  -					
  -					Revision 1.3  2003/10/03 15:34:49  alexjc
  -					added even more inline comments for automatic documentation
  -					
  -					Revision 1.2  2003/10/01 21:32:55  alexjc
  -					matches specification for documentation extraction and processing tools
  -					
  -					Revision 1.1  2003/09/11 00:48:43  alexjc
  -					working version of Dr. Spin
  -
  - - - - - - - - - - - - - - - - - - - - - - - - - - - - - - - - - - - - - - - - - - - - - -->
