<knowledge>
  <Emotions start="fear/surprise">
	  <state name="fear/surprise" output="fear/surprise">
      <transition target="fear/anticipation" input="fa" />
      <transition target="anger/anticipation" input="aa" />
      <transition target="anger/surprise" input="as" />
    </state>
	  <state name="fear/anticipation" output="fear/anticipation">
      <transition target="fear/surprise" input="fs" />
      <transition target="anger/anticipation" input="aa" />
      <transition target="anger/surprise" input="as" />
    </state>
	  <state name="anger/surprise" output="anger/surprise">
      <transition target="anger/anticipation" input="aa" />
      <transition target="fear/anticipation" input="fa" />
      <transition target="fear/surprise" input="fs" />
    </state>
	  <state name="anger/anticipation" output="anger/anticipation">
      <transition target="anger/surprise" input="as" />
      <transition target="fear/anticipation" input="fa" />
      <transition target="fear/surprise" input="fs" />
    </state>
  </Emotions>

  <Sensations>
    <state name="fs" output="fs">
      <transition target="fa" input="new_object" />
      <transition target="aa" input="enemy_damage" />
      <transition target="as" input="low_ammo" />
    </state>
    <state name="fa" output="fa">
      <transition target="aa" input="enemy_fire" />
      <transition target="as" input="enemy_disappear" />
      <transition target="fs" input="unexpected_sound" />
    </state>  
    <state name="aa" output="aa">
      <transition target="fs" input="unexpected_damage" />
      <transition target="fa" input="expected_damage" />
      <transition target="as" input="death" />
    </state>  
    <state name="as" output="as">
      <transition target="aa" input="player_fire" />
      <transition target="fs" input="enemy_appear" />
      <transition target="fa" input="no_ammo" />
    </state>  
  </Sensations>
</knowledge>  
