<?xml version="1.0" encoding="UTF-8"?>
<knowledge>
	<RuleBasedSystem> 
		<memory> 
        	<Symbol name="sideWall" /> 
        	<Symbol name="frontWall" /> 
        	<Symbol name="following" value="false" ground="true" /> 
        	<Symbol name="moveForwards" ground="true" /> 
        	<Symbol name="turnAway" ground="false" /> 
        	<Symbol name="turnTowards" ground="false" /> 
      	</memory> 

		<rulebase>
			<Rule> 
				<conditions> 
            		<Symbol name="following" value="false" /> 
            		<Symbol name="frontWall" value="false" /> 
            		<Symbol name="sideWall" value="false" /> 
          		</conditions> 
          		<actions> 
            		<Symbol name="following" value="false" /> 
          		</actions> 
        	</Rule> 
        	<Rule> 
          		<conditions> 
            		<Symbol name="frontWall" value="true" /> 
          		</conditions> 
          		<actions> 
            		<Symbol name="turnAway" value="true" /> 
            		<Symbol name="moveForwards" value="false" /> 
          		</actions> 
        	</Rule> 
        	<Rule> 
          		<conditions> 
            		<Symbol name="sideWall" value="false" /> 
          		</conditions> 
          		<actions> 
            		<Symbol name="turnTowards" value="true" /> 
            		<Symbol name="moveForwards" value="false" /> 
          		</actions> 
        	</Rule> 
		</rulebase>
	</RuleBasedSystem> 
</knowledge>
