<?xml version="1.0" encoding="UTF-8"?>
<!-- - - - - - - - - - - - - - - - - - - - - - - - - - - - - - - - - - - - - - - - - - - - - -
  - AI Game Development: Learning & Reactive Behaviors
  -
  - Copyright (c) 2002-2003 Alex J. Champandard, All Rights Reserved.
  - 
  - This program is free software; you can redistribute it and/or modify it under the terms 
  - of the GNU General Public License (GPL) as published by the Free Software Foundation.  
  - This program is distributed in the hope that it will be useful, but WITHOUT ANY WARRANTY, 
  - without even the implied warranty of MERCHANTABILITY or FITNESS FOR A PARTICULAR PURPOSE.
  - See the attached LICENSE file for details.
  -
  - 
  - File:    Architecture.xml
  - Description:  Aimy is a simple architecture with a perceptron used to perform more
  -         realistic aiming.
  - Author:    Alex J. Champandard
  - Contact:  alex@ai-depot.com
  - Revisions:  See bottom of file.
  - - - - - - - - - - - - - - - - - - - - - - - - - - - - - - - - - - - - - - - - - - - - - -->
<architecture xmlns:xi="http://www.w3.org/2001/XInclude"><component type="AimyBrain"><description>
      The root component is responsible for setting up the learning within the aiming
      component so that the turns requested are more realisting.
    </description>    

    <import><interface type="Train" name="nn_aim" source="Aiming"/><interface type="Learn" name="nn_correct" source="Correction"/><interface type="Relative" name="physics" source="Physics"/><interface type="Weapon" name="weapon" source="Backend"/><interface type="Symbolic" name="visual" source="Vision"/><interface type="Relative" name="motion" source="Motion"/></import>
    
    <scope><component type="Perceptron" name="Aiming"/><component type="Perceptron" name="Correction"/><component type="Physics" xml:base="demos/common/Physics.xml"><description>
		The physics component provides senses for querying physical senses, useful for
		monitoring movement or checking the current state.
	</description><import><interface type="Physics" name="backend" source="Backend"/></import></component><component type="Motion" xml:base="demos/common/Motion.xml"><description>
		The motion component provides actions for turning and stepping in arbitrary directions.
	</description><import><interface type="Motion" name="backend" source="Backend"/></import></component><component type="Vision" xml:base="demos/common/Vision.xml"><description>
		The component provides sensory capabilities via a high-level emulation of human vision.
		The visual component is partly responsable for providing a sense of space, but also
		returning visible entities as symbols.
	</description><import><interface type="Vision" name="backend" source="Backend"/><interface type="Conversion" name="convert" source="Physics"/></import></component></scope></component><component type="Backend" xml:base="demos/common/Body.xml"><description>
		The body is a component implemented within the game engine that allows the brain to
		interact with the environment via backend interfaces.
	</description></component>
  
</architecture>
<!-- - - - - - - - - - - - - - - - - - - - - - - - - - - - - - - - - - - - - - - - - - - - - -
  - Revisions:  
  -      $Log: Architecture.xml,v $
  -      Revision 1.4  2004/04/09 22:59:44  alexjc
  -      Minor updates and bug fixes
  -
  -      Revision 1.3  2004/04/07 22:53:52  alexjc
  -      Changes to accomodate the new location of the header files
  -      
  -      Revision 1.2  2004/03/23 20:42:36  alexjc
  -      Changes to support reorganised common files and module directories
  -      
  -      Revision 1.1  2003/10/24 19:33:34  alexjc
  -      working version of Aimy the animat
  -      
  - - - - - - - - - - - - - - - - - - - - - - - - - - - - - - - - - - - - - - - - - - - - - -->
