<knowledge>
  <FuzzyExpertSystem>
    <memory>
    <!-- system outputs: actuators -->
      <Variable name="move">
        <Term name="forward" />
        <Term name="stop" />
        <Term name="backward" />
      </Variable>
      <Variable name="turn">
        <Term name="button" />
        <Term name="door" />
        <Term name="ladder" />
        <Term name="platform" />
        <Term name="exit" />
      </Variable>
      <Variable name="look">
        <Term name="up" />
        <Term name="ahead" />
      </Variable>
    <!-- system inputs: senses -->  
      <Variable name="door">
        <Term name="open" />
        <Term name="fully.open" />
      </Variable>  
      <Term name="button_pressed" />
      <Variable name="platform">
        <Term name="ready" />
        <Term name="arrived" />
      </Variable>  
      <Term name="aboard" />
      <Variable name="ladder">
        <Term name="held" />
        <Term name="top" />
      </Variable>  
    </memory>
    <rulebase>
    <!-- DOOR -->
      <Rule>
        <conditions>
          <Term name="button_pressed" value="0" />
        </conditions>
        <actions>
          <Term variable="turn" name="button" />
          <Term variable="move" name="forward" />
        </actions>
      </Rule>
      <Rule>
        <conditions><Term name="button_pressed" value="1" /></conditions>
        <actions><Term variable="turn" name="door" /></actions>
      </Rule>
      <Rule>
        <conditions>
          <Term name="button_pressed" value="1" />
          <Term variable="door" name="fully.open" value="0" />
        </conditions>
        <actions>
          <Term variable="move" name="stop" />
        </actions>
      </Rule>
      <Rule>
        <conditions><Term variable="door" name="fully.open" value="1" /></conditions>
        <actions>
          <Term variable="move" name="forward" />
          <Term variable="turn" name="door" />
        </actions>
      </Rule>
    <!-- PLATFORM --> 
      <Rule>
        <conditions>
          <Term name="button_pressed" value="1" />
          <Term variable="platform" name="ready" value="0" />
        </conditions>
        <actions>
          <Term variable="move" name="stop" />
        </actions>
      </Rule>
      <Rule>
        <conditions>
          <Term name="button_pressed" value="1" />
          <Term variable="aboard" value="0" />
        </conditions>
        <actions>
          <Term variable="turn" name="platform" />
        </actions>
      </Rule>
      <Rule>
        <conditions>
          <Term variable="platform" name="ready" value="1" />
        </conditions>
        <actions>
          <Term variable="move" name="forward" />
        </actions>
      </Rule>
      <Rule>
        <conditions>
          <Term name="aboard" value="1" />
          <Term variable="platform" name="arrived" value="0" />
        </conditions>
        <actions>
          <Term variable="move" name="stop" />
        </actions>
      </Rule>
      <Rule>
        <conditions>
          <Term name="aboard" value="1" />
          <Term variable="platform" name="arrived" value="1" />
        </conditions>
        <actions>
          <Term variable="move" name="forward" />
          <Term variable="turn" name="exit" />          
        </actions>
      </Rule>
    </rulebase>
  </FuzzyExpertSystem>
</knowledge>
