<?xml version="1.0" encoding="UTF-8"?>
<!-- - - - - - - - - - - - - - - - - - - - - - - - - - - - - - - - - - - - - - - - - - - - - -
  - AI Game Development: Learning & Reactive Behaviors
  -
  - Copyright (c) 2002-2003 Alex J. Champandard, All Rights Reserved.
  - 
  - This program is free software; you can redistribute it and/or modify it under the terms 
  - of the GNU General Public License (GPL) as published by the Free Software Foundation.  
  - This program is distributed in the hope that it will be useful, but WITHOUT ANY WARRANTY, 
  - without even the implied warranty of MERCHANTABILITY or FITNESS FOR A PARTICULAR PURPOSE.
  - See the attached LICENSE file for details.
  -
  - 
  - File:			Architecture.xml
  - Description:	A more complex architecture for Stalker that includes a 
  -					movement capabilities and a rule-based system.
  - Author:			Alex J. Champandard
  - Contact:		alex@ai-depot.com
  - Revisions:		See bottom of file.
  - - - - - - - - - - - - - - - - - - - - - - - - - - - - - - - - - - - - - - - - - - - - - -->
<architecture xmlns:xi="http://www.w3.org/2001/XInclude">
  <component type="BreakerBrain">
    <description>
      A monolithic architecture rooted with a RBS.
		</description>
    <import>
      <interface type="Relative" name="motion" source="Motion"/>
      <interface type="Relative" name="physics" source="Physics"/>
      <interface type="State" name="state" source="Physics"/>
      <interface type="Space" name="space" source="Vision"/>
      <interface type="Symbolic" name="visual" source="Vision"/>
      <interface type="Weapon" name="weapon" source="Backend"/>
      <interface type="Personal" name="personal" source="Backend"/>
      <interface type="Native" name="native" source="RuleBasedSystem"/>
      <interface type="Simulate" name="rbs" source="RuleBasedSystem"/>
    </import>
    <scope>
      <component type="RuleBasedSystem">
        <description>
					The rule-based system is initialised with XML knowledge in the form of
					production rules.  Each has a condition and action, designed to produce
					deathmatch behaviors.  

					This component provides the interpreter that checks the sensors, applies the
					rules, and calls the appropriate effectors.
				</description>
      </component>

      <component type="Vision" xml:base="demos/common/Vision.xml">
        <description>
		The component provides sensory capabilities via a high-level emulation of human vision.
		The visual component is partly responsable for providing a sense of space, but also
		returning visible entities as symbols.
	</description>
        <import>
          <interface type="Vision" name="backend" source="Backend"/>
          <interface type="Conversion" name="convert" source="Physics"/>
        </import>
      </component>


      <component type="Motion" xml:base="demos/common/Motion.xml">
        <description>
		The motion component provides actions for turning and stepping in arbitrary directions.
	</description>
        <import>
          <interface type="Motion" name="backend" source="Backend"/>
        </import>
      </component>


      <component type="Debug" xml:base="demos/common/Debug.xml">
        <description>
		The debug component offers facilities for assisting the AI development visually.
	</description>
        <import>
          <interface type="Debug" name="backend" source="Backend"/>
          <interface type="Conversion" name="convert" source="Physics"/>
        </import>
      </component>


      <component type="Physics" xml:base="demos/common/Physics.xml">
        <description>
		The physics component provides senses for querying physical senses, useful for
		monitoring movement or checking the current state.
	</description>
        <import>
          <interface type="Physics" name="backend" source="Backend"/>
        </import>
      </component>

    </scope>
  </component>

  <component type="Backend" xml:base="demos/common/Body.xml">
    <description>
		The body is a component implemented within the game engine that allows the brain to
		interact with the environment via backend interfaces.
	</description>
  </component>

</architecture>
<!-- - - - - - - - - - - - - - - - - - - - - - - - - - - - - - - - - - - - - - - - - - - - - -
  - Revisions:		
  -					$Log: Architecture.xml,v $
  -					Revision 1.2  2004/04/08 09:44:38  alexjc
  -					Changes to accomodate the new location of the header files
  -					
  -					Revision 1.1  2004/03/15 12:44:04  alexjc
  -					First working version of Breaker the animat
  -					
  - - - - - - - - - - - - - - - - - - - - - - - - - - - - - - - - - - - - - - - - - - - - - -->
