<?xml version="1.0" encoding="UTF-8"?>
<knowledge>
  <RuleBasedSystem> 
    <memory> 
      <!-- rule chunks -->
      <Symbol name="process.move" value="false" /> 
      <Symbol name="process.look" value="false" /> 
      <Symbol name="process.tactics" value="false" /> 
      <Symbol name="process.weapon" value="false" />

      <!-- input symbols set from sensors -->
      <Symbol name="collision" />
      <Symbol name="enemy" />

      <Symbol name="distance_close" />
      <Symbol name="distance_far" />
      
      <Symbol name="obstacle_front" />
      <Symbol name="obstacle_left" />
      <Symbol name="obstacle_right" />

      <Symbol name="health_full" />
      <Symbol name="health_low" />
      <Symbol name="armor_full" />
      <Symbol name="armor_low" />

      <Symbol name="health_item" />
      <Symbol name="armor_item" />

      <!-- output symbols used by actions -->
      <Symbol name="move_avoid" ground="false" />
      <Symbol name="move_flee" ground="false" />
      <Symbol name="move_seek" ground="false" />
      <Symbol name="move_side" ground="false" />
      <Symbol name="move_forward" ground="false" />

      <Symbol name="look_enemy" ground="false" />
      <Symbol name="look_behind" ground="false" />
      <Symbol name="look_left" ground="false" />
      <Symbol name="look_right" ground="false" />
      <Symbol name="look_around" ground="false" />
      <Symbol name="look_health" ground="false" />
      <Symbol name="look_armor" ground="false" />

      <Symbol name="use_rocketlauncher" ground="false" />
      <Symbol name="use_railgun" ground="false" />
      <Symbol name="use_chaingun" ground="false" />
      <Symbol name="use_hyperblaster" ground="false" />

      <Symbol name="fire" ground="false" />

      <!-- internal state -->
      <Symbol name="retreat" />
      <Symbol name="pursue" />
      <Symbol name="dodge" />
    </memory> 

    <rulebase>
      <!-- #########################################################################
        Chunk of rules for MOVEMENT
       ######################################################################### -->
      <Rule>
        <conditions> 
          <Symbol name="process.move" /> <Symbol name="enemy" /> <Symbol name="collision" />
        </conditions> 
        <actions> <Symbol name="move_avoid" /> </actions>
      </Rule> 
      
      <Rule>
        <conditions> 
          <Symbol name="process.move" /> <Symbol name="retreat" />
        </conditions> 
        <actions> <Symbol name="move_flee" /> </actions>
      </Rule>
      
      <Rule>
        <conditions> 
          <Symbol name="process.move" /> <Symbol name="pursue" />
        </conditions> 
        <actions> <Symbol name="move_seek" /> </actions>
      </Rule>

      <Rule>
        <conditions> 
          <Symbol name="process.move" /> <Symbol name="dodge" />
        </conditions> 
        <actions> <Symbol name="move_side" /> </actions>
      </Rule>
          
      <Rule>
        <conditions> 
          <Symbol name="process.move" />
        </conditions> 
        <actions> <Symbol name="move_forward" /> </actions>
      </Rule>


      <!-- #########################################################################
        Chunk of rules for VIEW CONTROL 
       ######################################################################### -->
      <Rule>
        <conditions> 
          <Symbol name="process.look" /> <Symbol name="enemy" /> 
        </conditions> 
        <actions>
          <Symbol name="look_enemy" /> <Symbol name="fire" />
        </actions>
      </Rule>

      <Rule>
        <conditions> 
          <Symbol name="process.look" /> <Symbol name="obstacle_front" />
          <Symbol name="obstacle_left" /> <Symbol name="obstacle_right" />
        </conditions> 
        <actions> <Symbol name="look_behind" /> </actions>
      </Rule>

      <Rule>
        <conditions> 
          <Symbol name="process.look" /> <Symbol name="obstacle_front" />
          <Symbol name="obstacle_left" />
        </conditions> 
        <actions> <Symbol name="look_right" /> </actions>
      </Rule>
      
      <Rule>
        <conditions> 
          <Symbol name="process.look" /> <Symbol name="obstacle_front" />
          <Symbol name="obstacle_right" />
        </conditions> 
        <actions> <Symbol name="look_left" /> </actions>
      </Rule>

      <Rule>
        <conditions> 
          <Symbol name="process.look" /> <Symbol name="health_full" value="false" />
          <Symbol name="health_item" />
        </conditions> 
        <actions> <Symbol name="look_health" /> </actions>
      </Rule>
 
      <Rule>
        <conditions> 
          <Symbol name="process.look" /> <Symbol name="armor_full" value="false" />
          <Symbol name="armor_item" />
        </conditions> 
        <actions> <Symbol name="look_armor" /> </actions>
      </Rule>
 
      <Rule>
        <conditions> 
          <Symbol name="process.look" /> <Symbol name="enemy" value="false" /> 
        </conditions> 
        <actions> <Symbol name="look_around" /> </actions>
      </Rule>

      
      <!-- #########################################################################
        Chunk of rules for TACTICAL REASONING 
       ######################################################################### -->
      <Rule>
        <conditions> 
          <Symbol name="process.tactics" /> <Symbol name="enemy" />
          <Symbol name="health_low" />
        </conditions> 
        <actions>
          <Symbol name="retreat" />
          <Symbol name="pursue" value="false" /> <Symbol name="dodge" value="false" />
        </actions>
      </Rule>
      
      <Rule>
        <conditions> 
          <Symbol name="process.tactics" /> <Symbol name="enemy" />
          <Symbol name="distance_close" value="false" />
        </conditions> 
        <actions>
          <Symbol name="pursue" />
          <Symbol name="retreat" value="false" /> <Symbol name="dodge" value="false" />
        </actions>
      </Rule>

      <Rule>
        <conditions> 
          <Symbol name="process.tactics" /> <Symbol name="enemy" />
        </conditions> 
        <actions>
          <Symbol name="dodge" value="true" />
          <Symbol name="retreat" value="false" /> <Symbol name="pursue" value="false" />
        </actions>
      </Rule>      

      <Rule>
        <conditions> <Symbol name="enemy" value="false" /> </conditions> 
        <actions>
          <Symbol name="retreat" value="false" /> <Symbol name="pursue" value="false" />
          <Symbol name="dodge" value="false" />
        </actions>
      </Rule>

      <!-- #########################################################################
        Chunk of rules for WEAPON SELECTION 
       ######################################################################### -->
      <Rule>
        <conditions> 
          <Symbol name="process.weapon" /> <Symbol name="enemy" /> <Symbol name="distance_far" />
        </conditions> 
        <actions>
          <Symbol name="use_rocketlauncher" /> <Symbol name="use_railgun" /> 
        </actions>
      </Rule>

      <Rule>
        <conditions> 
          <Symbol name="process.weapon" /> <Symbol name="enemy" /> <Symbol name="distance_far" value="false" />
        </conditions> 
        <actions>
          <Symbol name="use_chaingun" /> <Symbol name="use_hyperblaster" /> 
        </actions>
      </Rule>

    </rulebase>
  </RuleBasedSystem> 
</knowledge>
