<?xml version="1.0" encoding="UTF-8"?>
<convert>
      <object type="item_health" class="Valuable" name="health_medium" />
      <object type="item_health_large" class="Valuable" name="health_large" />
      <object type="item_health_mega" class="Valuable" name="health_mega" />
      <object type="item_health_small" class="Valuable" name="health_small" />
      <object type="item_armor_jacket" class="Valuable" name="armor_jacket" />
      <object type="item_armor_shard" class="Valuable" name="armor_shard" />
      <object type="item_armor_combat" class="Valuable" name="armor_combat" />
      <object type="item_armor_body" class="Valuable" name="armor_body" />
      <object type="item_power_shield" class="Valuable" name="shield_power" />
      <object type="item_power_screen" class="Valuable" name="shield_screen" />
      <object type="weapon_railgun" class="Weapon" name="railgun" />
	    <object type="weapon_blaster" class="Weapon" name="blaster" />
      <object type="weapon_hyperblaster" class="Weapon" name="hyperblaster" />
      <object type="weapon_shotgun" class="Weapon" name="shotgun" />
      <object type="weapon_grenadelauncher" class="Weapon" name="grenadelauncher" />
      <object type="weapon_rocketlauncher" class="Weapon" name="rocketlauncher" />
      <object type="weapon_machinegun" class="Weapon" name="machinegun" />
      <object type="weapon_supershotgun" class="Weapon" name="supershotgun" />
      <object type="weapon_bfg" class="Weapon" name="bfg" />
      <object type="weapon_chaingun" class="Weapon" name="chaingun" />
      <object type="ammo_rockets" class="Valuable" name="rockets" />
      <object type="ammo_shells" class="Valuable" name="shells" />
      <object type="ammo_grenades" class="Valuable" name="grenades" />
      <object type="ammo_cells" class="Valuable" name="cells" />
      <object type="ammo_slugs" class="Valuable" name="slugs" />
      <object type="ammo_bullets" class="Valuable" name="bullets" />
      <object type="key_red_key" class="Entity" name="red_key" />
      <object type="key_power_cube" class="Entity" name="power_cube" />
      <object type="key_blue_key" class="Entity" name="blue_key" />
      <object type="key_data_cd" class="Entity" name="data_cd" />
      <object type="key_pyramid" class="Entity" name="pyramid" />
      <object type="key_airstrike_target" class="Entity" name="airstrike_target" />
      <object type="key_commander_head" class="Entity" name="commander_head" />
      <object type="key_data_spinner" class="Entity" name="data_spinner" />
      <object type="key_pass" class="Entity" name="pass" />
      <object type="item_invulnerability" class="Entity" name="invulnerability" />
      <object type="item_quad" class="Entity" name="quad" />
      <object type="item_silencer" class="Entity" name="silencer" />
      <object type="item_breather" class="Entity" name="breather" />
      <object type="item_enviro" class="Entity" name="enviro" />
      <object type="item_ancient_head" class="Entity" name="ancient_head" />
      <object type="item_adrenaline" class="Entity" name="adrenaline" />
      <object type="item_pack" class="Entity" name="pack" />
      <object type="item_bandolier" class="Entity" name="bandolier" />
      <object type="resistance" class="Entity" name="resistance" />
      <object type="strength" class="Entity" name="strength" />
      <object type="haste" class="Entity" name="haste" />
      <object type="regeneration" class="Entity" name="regeneration" />
  	  <object type="item_flag_team2" class="Entity" name="flag_team2" />
  	  <object type="item_flag_team1" class="Entity" name="flag_team1" />
    <object type="func_button" class="Entity" name="button" />
      <object type="func_train" class="Entity" name="train" />
      <object type="func_plat" class="Platform" name="platform" />
      <object type="func_door" class="Door" name="door" />
      <object type="func_door_rotating" class="Entity" name="door_rotating" />
      <object type="func_rotating" class="Entity" name="rotating" />
    <object type="misc_teleporter" class="Entity" name="teleporter" />
    <object type="misc_strogg_ship" class="Entity" name="strogg_ship" />
      <object type="misc_gib_leg" class="Entity" name="gib_leg" />
      <object type="misc_gib_arm" class="Entity" name="gib_arm" />
      <object type="misc_gib_head" class="Entity" name="gib_head" />
      <object type="misc_deadsoldier" class="Entity" name="deadsoldier" />
      <object type="turret_breach" class="Entity" name="turret_breach" />
      <object type="turret_base" class="Entity" name="turret_base" />
      <object type="turret_driver" class="Entity" name="turret_driver" />
	  <object type="misc_ctf_banner" class="Entity" name="ctf_banner" />
	  <object type="misc_ctf_small_banner" class="Entity" name="ctf_small_banner" />
      <object type="misc_bigviper" class="Entity" name="bigviper" />
      <object type="misc_banner" class="Entity" name="banner" />
      <object type="misc_explobox" class="Entity" name="explobox" />
      <object type="misc_satellite_dish" class="Entity" name="satellite_dish" />
      <object type="misc_insane" class="Entity" name="insane" />
      <object type="misc_easterchick2" class="Entity" name="easterchick2" />
      <object type="misc_easterchick" class="Entity" name="easterchick" />
      <object type="misc_eastertank" class="Entity" name="eastertank" />
      <object type="misc_blackhole" class="Entity" name="blackhole" />
      <object type="misc_viper" class="Entity" name="viper" />
      <object type="misc_viper_bomb" class="Entity" name="viper_bomb" />
    <object type="bolt" class="Projectile" name="bolt" />
    <object type="grenade" class="Projectile" name="grenade" />
    <object type="hgrenade" class="Projectile" name="hgrenade" />
    <object type="rocket" class="Projectile" name="rocket" />
    <object type="bfgblast" class="Projectile" name="bfgblast" />
		<object type="player" class="Entity" name="player" />
        <object type="player_cipher" class="Player" name="cipher" />
        <object type="player_claymore" class="Player" name="claymore" />
        <object type="player_flak" class="Player" name="flak" />
        <object type="player_grunt" class="Player" name="grunt" />
        <object type="player_howitzer" class="Player" name="howitzer" />
        <object type="player_major" class="Player" name="major" />
        <object type="player_nightops" class="Player" name="nightops" />
        <object type="player_pointman" class="Player" name="pointman" />
        <object type="player_psycho" class="Player" name="psycho" />
        <object type="player_rampage" class="Player" name="rampage" />
        <object type="player_razor" class="Player" name="razor" />
        <object type="player_recon" class="Player" name="recon" />
        <object type="player_scout" class="Player" name="scout" />
        <object type="player_sniper" class="Player" name="sniper" />
        <object type="player_viper" class="Player" name="viper" />
        <object type="player_athena" class="Player" name="athena" />
        <object type="player_brianna" class="Player" name="brianna" />
        <object type="player_cobalt" class="Player" name="cobalt" />
        <object type="player_ensign" class="Player" name="ensign" />
        <object type="player_jezebel" class="Player" name="jezebel" />
        <object type="player_jungle" class="Player" name="jungle" />
        <object type="player_lotus" class="Player" name="lotus" />
        <object type="player_stiletto" class="Player" name="stiletto" />
        <object type="player_venus" class="Player" name="venus" />
        <object type="player_voodoo" class="Player" name="voodoo" />
        <object type="player_oni911" class="Player" name="oni911" />
        <object type="player_ps9000" class="Player" name="ps9000" />
        <object type="player_tyr574" class="Player" name="tyr574" />
      <object type="monster_soldier_light" class="Entity" name="soldier_light" />
      <object type="monster_soldier" class="Entity" name="soldier" />
      <object type="monster_infantry" class="Entity" name="infantry" />
      <object type="monster_gunner" class="Entity" name="gunner" />
      <object type="monster_soldier_ss" class="Entity" name="soldier_ss" />
      <object type="monster_flyer" class="Entity" name="flyer" />
      <object type="monster_parasite" class="Entity" name="parasite" />
      <object type="monster_flipper" class="Entity" name="flipper" />
      <object type="monster_berserk" class="Entity" name="berserk" />
      <object type="monster_floater" class="Entity" name="floater" />
      <object type="monster_tank" class="Entity" name="tank" />
      <object type="monster_gladiator" class="Entity" name="gladiator" />
      <object type="monster_mutant" class="Entity" name="mutant" />
      <object type="monster_hover" class="Entity" name="hover" />
      <object type="monster_medic" class="Entity" name="medic" />
      <object type="monster_supertank" class="Entity" name="supertank" />
      <object type="monster_brain" class="Entity" name="brain" />
      <object type="monster_chick" class="Entity" name="chick" />
      <object type="monster_commander_body" class="Entity" name="commander_body" />
      <object type="monster_jorg" class="Entity" name="jorg" />
      <object type="monster_tank_commander" class="Entity" name="tank_commander" />
      <object type="monster_boss2" class="Entity" name="boss2" />
      <object type="monster_boss3_stand" class="Entity" name="boss3_stand" />
</convert>
