<?xml version="1.0" encoding="UTF-8"?>
<taxonomy>
  
  <Entity name="item">

	<Entity name="health">
		<Valuable name="health_small" value="5" />
		<Valuable name="health_medium" value="25" />
		<Valuable name="health_large" value="50" />
		<Valuable name="health_mega" value="100" />
	</Entity>

	<Entity name="armor">
	  <Valuable name="armor_shard" value="5" />
      <Valuable name="armor_jacket" value="25" />
      <Valuable name="armor_combat" value="50" />
	  <Valuable name="armor_body" value="100" />
    </Entity>

	<Entity name="shield">
		<Entity name="shield_power" />
        <Entity name="shield_screen" />
	</Entity>

    <Entity name="weapon">
      <Weapon name="blaster" />
      <Weapon name="shotgun" />
      <Weapon name="machinegun" />
      <Weapon name="supershotgun" />
      <Weapon name="chaingun" />
      <Weapon name="grenadelauncher" />
      <Weapon name="rocketlauncher" />
      <Weapon name="hyperblaster" />
      <Weapon name="railgun" />
      <Weapon name="bfg" />
    </Entity>
	
    <Entity name="ammo">
      <Valuable name="rockets" />
      <Valuable name="shells" />
      <Valuable name="grenades" />
      <Valuable name="cells" />
      <Valuable name="slugs" />
      <Valuable name="bullets" />
    </Entity>

    <Entity name="key">
      <Entity name="red" />
      <Entity name="power_cube" />
      <Entity name="blue" />
      <Entity name="data_cd" />
      <Entity name="pyramid" />
      <Entity name="airstrike_target" />
      <Entity name="commander_head" />
      <Entity name="data_spinner" />
      <Entity name="pass" />
    </Entity>

    <Entity name="powerup">
      <Entity name="invulnerability" />
      <Entity name="quad" />
      <Entity name="silencer" />
      <Entity name="breather" />
      <Entity name="environment_suit" />
    </Entity>

    <Entity name="special">
      <Entity name="ancient_head" />
      <Entity name="adrenaline" />
      <Entity name="pack" />
      <Entity name="bandolier" />
    </Entity>

    <Entity name="tech">
      <Entity name="resistance" />
      <Entity name="strength" />
      <Entity name="haste" />
      <Entity name="regeneration" />
    </Entity>

    <Entity name="flag">
		<Entity name="team1" />
		<Entity name="team2" />
    </Entity>

  </Entity>

  <Entity name="object">
  
    <Entity name="button" />
	
    <Entity name="transport">
      <Entity name="train" />
      <Entity name="platform" />
    </Entity>
	
    <Entity name="door">
      <Entity name="rotating" />
    </Entity>
	
    <Entity name="rotating" />	
    <Entity name="teleporter" />
    <Entity name="strogg_ship" />
    <Entity name="ladder" />
	
    <Entity name="dead">
      <Entity name="leg" />
      <Entity name="arm" />
      <Entity name="head" />
      <Entity name="soldier" />
    </Entity>
	
    <Entity name="turret">
      <Entity name="breach" />
      <Entity name="base" />
      <Entity name="driver" />
    </Entity>
	
    <Entity name="decoration">
	  <Entity name="ctf_banner" />
	  <Entity name="ctf_small_banner" />
      <Entity name="bigviper" />
      <Entity name="banner" />
      <Entity name="explobox" />
      <Entity name="satellite_dish" />
      <Entity name="insane" />
      <Entity name="easterchick2" />
      <Entity name="easterchick" />
      <Entity name="eastertank" />
      <Entity name="blackhole" />
      <Entity name="viper" />
      <Entity name="viper_bomb" />
    </Entity>
  </Entity>
  
  <Entity name="projectile">
    <Projectile name="bolt" />
    <Projectile name="grenade" />
    <Projectile name="hgrenade" />
    <Projectile name="rocket" />
    <Projectile name="bfgblast" />
  </Entity>
  
  <Entity name="creature">
    <Entity name="player">
	
      <Entity name="male">
        <Player name="cipher" />
        <Player name="claymore" />
        <Player name="flak" />
        <Player name="grunt" />
        <Player name="howitzer" />
        <Player name="major" />
        <Player name="nightops" />
        <Player name="pointman" />
        <Player name="psycho" />
        <Player name="rampage" />
        <Player name="razor" />
        <Player name="recon" />
        <Player name="scout" />
        <Player name="sniper" />
        <Player name="viper" />
      </Entity>
	  
      <Entity name="female">
        <Player name="athena" />
        <Player name="brianna" />
        <Player name="cobalt" />
        <Player name="ensign" />
        <Player name="jezebel" />
        <Player name="jungle" />
        <Player name="lotus" />
        <Player name="stiletto" />
        <Player name="venus" />
        <Player name="voodoo" />
      </Entity>
	  
      <Entity name="cyborg">
        <Player name="oni911" />
        <Player name="ps9000" />
        <Player name="tyr574" />
      </Entity>
	  
    </Entity>
	
    <Entity name="monster">
      <Entity name="soldier_light" />
      <Entity name="soldier" />
      <Entity name="infantry" />
      <Entity name="gunner" />
      <Entity name="soldier_ss" />
      <Entity name="flyer" />
      <Entity name="parasite" />
      <Entity name="flipper" />
      <Entity name="berserk" />
      <Entity name="floater" />
      <Entity name="tank" />
      <Entity name="gladiator" />
      <Entity name="mutant" />
      <Entity name="hover" />
      <Entity name="medic" />
      <Entity name="supertank" />
      <Entity name="brain" />
      <Entity name="chick" />
      <Entity name="commander_body" />
      <Entity name="jorg" />
      <Entity name="tank_commander" />
      <Entity name="boss2" />
      <Entity name="boss3_stand" />
    </Entity>

  </Entity>

</taxonomy>
