<?xml version="1.0" encoding="UTF-8"?>
<taxonomy>

  <message name="GlobalEvent">
    <message name="SituatedEvent">
      <SituatedEvent name="Explode" />
      <Pain name="Pain" />
      <SituatedEvent name="Death" />
      <SituatedEvent name="Fire" />
    </message>
  </message>  

  <message name="Collision" />
  <message name="Update" />

  <message name="Self">
    <message name="SelfDeath" />
    <ValuableMessage name="SelfPain" />
    <message name="SelfPickup" />
  </message>

</taxonomy>
