<?xml version="1.0" encoding="UTF-8"?>
<!-- - - - - - - - - - - - - - - - - - - - - - - - - - - - - - - - - - - - - - - - - - - - - -
  - AI Game Development: Learning & Reactive Behaviors
  -
  - Copyright (c) 2002-2003 Alex J. Champandard, All Rights Reserved.
  - 
  - This program is free software; you can redistribute it and/or modify it under the terms 
  - of the GNU General Public License (GPL) as published by the Free Software Foundation.  
  - See the attached LICENSE file for details.  This program is distributed in the hope that
  - it will be useful, but WITHOUT ANY WARRANTY, without even the implied warranty of 
  - MERCHANTABILITY or FITNESS FOR A PARTICULAR PURPOSE.
  -
  - 
  - File:           Architecture.xml
  - Description:    A simple architecture for Marvin that includes a movement effector.
  - Author:         Alex J. Champandard
  - Contact:        alex@ai-depot.com
  - Revisions:      See bottom of file.
  - - - - - - - - - - - - - - - - - - - - - - - - - - - - - - - - - - - - - - - - - - - - - -->
<architecture xmlns:xi="http://www.w3.org/2001/XInclude">
  <component type="MarvinBrain">
    <description>
      This brain gathers information about nearby obstacles using distance sensors, and 
      computes the necessary movement using steering behaviors.
    </description>
    <import>
      <interface type="Relative" name="motion" source="Motion"/>
      <interface type="Relative" name="physics" source="Physics"/>
      <interface type="Visual" name="debug" source="Debug"/>
      <interface type="Space" name="space" source="Vision"/>
    </import>
    <scope>
      <component type="Vision">
        <description>
          The component provides sensory capabilities via a high-level emulation of
          human vision.  In this architecture, the visual component is responsable for
          providing a sense of space.  Distances to obstacles that are physically out
          of reach can be returned.
        </description>
        <import>
          <interface type="Vision" name="backend" source="Backend"/>
          <interface type="Conversion" name="convert" source="Physics"/>
        </import>
      </component>

      <component type="Motion" xml:base="demos/common/Motion.xml">
        <description>
		The motion component provides actions for turning and stepping in arbitrary directions.
	</description>
        <import>
          <interface type="Motion" name="backend" source="Backend"/>
        </import>
      </component>


      <component type="Debug" xml:base="demos/common/Debug.xml">
        <description>
		The debug component offers facilities for assisting the AI development visually.
	</description>
        <import>
          <interface type="Debug" name="backend" source="Backend"/>
          <interface type="Conversion" name="convert" source="Physics"/>
        </import>
      </component>


      <component type="Physics" xml:base="demos/common/Physics.xml">
        <description>
		The physics component provides senses for querying physical senses, useful for
		monitoring movement or checking the current state.
	</description>
        <import>
          <interface type="Physics" name="backend" source="Backend"/>
        </import>
      </component>

    </scope>
  </component>

  <component type="Backend" xml:base="demos/common/Body.xml">
    <description>
		The body is a component implemented within the game engine that allows the brain to
		interact with the environment via backend interfaces.
	</description>
  </component>

</architecture>
<!-- - - - - - - - - - - - - - - - - - - - - - - - - - - - - - - - - - - - - - - - - - - - - -
  - Revisions:    
  -          $Log: Architecture.xml,v $
  -          Revision 1.5  2004/04/07 22:53:48  alexjc
  -          Changes to accomodate the new location of the header files
  -
  -          Revision 1.4  2004/03/23 20:42:35  alexjc
  -          Changes to support reorganised common files and module directories
  -
  -          Revision 1.3  2003/11/18 23:58:41  alexjc
  -          Fixed width formatting for main release.
  -
  -          Revision 1.2  2003/10/07 13:15:57  alexjc
  -          - added description and inline tags for documentation tools
  -          - formatted the layout according to previous examples
  -          
  -          Revision 1.1  2003/09/29 12:23:31  alexjc
  -          working version of Marvin the animat
  -          
  - - - - - - - - - - - - - - - - - - - - - - - - - - - - - - - - - - - - - - - - - - - - - -->
