<?xml version="1.0" encoding="UTF-8"?>
<!-- - - - - - - - - - - - - - - - - - - - - - - - - - - - - - - - - - - - - - - - - - - - - -
  - AI Game Development: Learning & Reactive Behaviors
  -
  - Copyright (c) 2002-2003 Alex J. Champandard, All Rights Reserved.
  - 
  - This program is free software; you can redistribute it and/or modify it under the terms 
  - of the GNU General Public License (GPL) as published by the Free Software Foundation.  
  - This program is distributed in the hope that it will be useful, but WITHOUT ANY WARRANTY, 
  - without even the implied warranty of MERCHANTABILITY or FITNESS FOR A PARTICULAR PURPOSE.
  - See the attached LICENSE file for details.
  -
  - 
  - File:			Architecture.xml
  - Description:	Simple animat with a unique decision making component.
  - Author:			Alex J. Champandard
  - Contact:		alex@ai-depot.com
  - Revisions:		See bottom of file.
  - - - - - - - - - - - - - - - - - - - - - - - - - - - - - - - - - - - - - - - - - - - - - -->
<architecture><component type="PainBrain"><description>
            A simple brain that relies on a neural network to decide when to go into battle.
        </description>      

        <import><interface type="Learn" name="nn" source="Perceptron"/></import>
        
		<scope><component type="Perceptron"/></scope></component>
    
</architecture>
<!-- - - - - - - - - - - - - - - - - - - - - - - - - - - - - - - - - - - - - - - - - - - - - -
  - Revisions:		
  -					$Log: Architecture.xml,v $
  -					Revision 1.3  2004/04/09 22:59:44  alexjc
  -					Minor updates and bug fixes
  -					
  -					Revision 1.2  2003/11/19 00:09:53  alexjc
  -					Standardized syntax and fixed sematics bug.
  -					
  -					Revision 1.1  2003/09/22 12:20:23  alexjc
  -					working version of Major Pain
  -					
  - - - - - - - - - - - - - - - - - - - - - - - - - - - - - - - - - - - - - - - - - - - - - -->
