<?xml version="1.0" encoding="UTF-8"?>
<!-- - - - - - - - - - - - - - - - - - - - - - - - - - - - - - - - - - - - - - - - - - - - - -
  - AI Game Development: Learning & Reactive Behaviors
  -
  - Copyright (c) 2002-2003 Alex J. Champandard, All Rights Reserved.
  - 
  - This program is free software; you can redistribute it and/or modify it under the terms 
  - of the GNU General Public License (GPL) as published by the Free Software Foundation.  
  - This program is distributed in the hope that it will be useful, but WITHOUT ANY WARRANTY, 
  - without even the implied warranty of MERCHANTABILITY or FITNESS FOR A PARTICULAR PURPOSE.
  - See the attached LICENSE file for details.
  -
  - 
  - File:			Architecture.xml
  - Description:	A simple architecture for Pinbot that includes a movement effector.
  - Author:			Alex J. Champandard
  - Contact:		alex@ai-depot.com
  - Revisions:		See bottom of file.
  - - - - - - - - - - - - - - - - - - - - - - - - - - - - - - - - - - - - - - - - - - - - - -->
<architecture><!-- This architecture has now five components, with an additional layer of dependencies. -->   

	<component type="PinbotBrain"><description>
			The brain depends on the usual motion component, and the physical senses.  However,
			the senses are provided by not by synchronous queries (i.e. function calls), but
			asynchronous messages.  These messages are passed to the brain by the components,
			and handled with a dedicated message handler.

			The brain also uses a new debug interface, which is very useful for displaying lines
			within the world.  This allows the developer to understand what's going on by better
			visualising the behaviors.
		</description><import><interface type="Relative" name="motion" source="Motion"/><interface type="State" name="state" source="Physics"/><interface type="Visual" name="debug" source="Debug"/></import><scope><!-- The brain depends on a new component that provides useful functionality for developing AI
NPC, regardless of it being biologically non-plausible! --><component type="Debug"><description>
					The debug component assists the development by displaying visual information
					about the AI.  In this case, the normal of the collision and the desired
					direction are displayed as 3D lines in the world.

					This component uses the backend interface of the body to drawn the lines,
					but relies on the physics component to convert the coordinates into global
					space.
				</description><import><interface type="Debug" name="backend" source="Backend"/><interface type="Conversion" name="convert" source="Physics"/></import></component><!-- Two familiar components required here too.  The physics component plays a more important
role though. --><component type="Physics"><description>
					In this architecture, the physics component broadcasts messages to the brain
					upon collision.  This is the same as the physical 'state' interface used by
					Bouncer, but the information is pushed to the brain (message) rather than
					pulled (function call).

					The physics component also keeps track of the global position of the animat,
					which allows it to compute local coordinates needed by its interfaces
					(e.g. 'relative' movement).  This means the physics component is ideally
					placed to convert coordinates from relative to global -- and vice versa.
					This functionality is required by the debug interface, among others.
				</description><import><interface type="Physics" name="backend" source="Backend"/></import></component><component type="Motion"><description>
					The motion component provides actions for turning and stepping in arbitrary
					directions.
				</description><import><interface type="Motion" name="backend" source="Backend"/></import></component></scope></component><!-- The body tag is in its usual place at the top-level of the architecture for simplicity. --><component type="Backend"><description>
			The body is a component implemented within the game engine that allows the brain to
			interact with the environment via backend interfaces.  Not only biologically
			plausible sensors and effectors are provided (e.g. moving and physical sensing), but
			also functionality convenient for game development (e.g. drawing debug lines).
		</description></component></architecture>
<!-- - - - - - - - - - - - - - - - - - - - - - - - - - - - - - - - - - - - - - - - - - - - - -
  - Revisions:		
  -					$Log: Architecture.xml,v $
  -					Revision 1.4  2004/04/07 22:53:47  alexjc
  -					Changes to accomodate the new location of the header files
  -					
  -					Revision 1.3  2003/11/19 22:53:01  alexjc
  -					Necessary adjustments for backwards support of VC++ 6.0
  -					
  -					Revision 1.2  2003/10/03 21:15:00  alexjc
  -					- added description tags for documentation tools
  -					- formatted the layout according to previous examples
  -					
  -					Revision 1.1  2003/09/11 00:51:32  alexjc
  -					working version of Pinbot
  -					
  - - - - - - - - - - - - - - - - - - - - - - - - - - - - - - - - - - - - - - - - - - - - - -->
