<?xml version="1.0" encoding="UTF-8"?>
<!-- - - - - - - - - - - - - - - - - - - - - - - - - - - - - - - - - - - - - - - - - - - - - -
  - AI Game Development: Learning & Reactive Behaviors
  -
  - Copyright (c) 2002-2003 Alex J. Champandard, All Rights Reserved.
  - 
  - This program is free software; you can redistribute it and/or modify it under the terms 
  - of the GNU General Public License (GPL) as published by the Free Software Foundation.  
  - See the attached LICENSE file for details.  This program is distributed in the hope that
  - it will be useful, but WITHOUT ANY WARRANTY, without even the implied warranty of 
  - MERCHANTABILITY or FITNESS FOR A PARTICULAR PURPOSE.
  -
  - 
  - File:			Architecture.xml
  - Description:	Brutus' architecture includes all the components covered until now, but with
  -					one	additional interface.
  - Author:			Alex J. Champandard
  - Contact:		alex@ai-depot.com
  - Revisions:		See bottom of file.
  - - - - - - - - - - - - - - - - - - - - - - - - - - - - - - - - - - - - - - - - - - - - - -->
<architecture xmlns:xi="http://www.w3.org/2001/XInclude">
  <component type="BrutusBrain">
    <description>
			This brain gathers information about its surroundings using various sensors, and 
			computes the necessary movement using steering behaviors.  Different behaviors are
			combined using a first generation expert system.
		</description>
    <import>
      <interface type="Relative" name="motion" source="Motion"/>
      <interface type="Relative" name="physics" source="Physics"/>
      <interface type="Visual" name="debug" source="Debug"/>
      <interface type="Space" name="space" source="Vision"/>
      <interface type="Symbolic" name="visual" source="Vision"/>
    </import>
    <scope>

      <component type="Vision" xml:base="demos/common/Vision.xml">
        <description>
		The component provides sensory capabilities via a high-level emulation of human vision.
		The visual component is partly responsable for providing a sense of space, but also
		returning visible entities as symbols.
	</description>
        <import>
          <interface type="Vision" name="backend" source="Backend"/>
          <interface type="Conversion" name="convert" source="Physics"/>
        </import>
      </component>


      <component type="Motion" xml:base="demos/common/Motion.xml">
        <description>
		The motion component provides actions for turning and stepping in arbitrary directions.
	</description>
        <import>
          <interface type="Motion" name="backend" source="Backend"/>
        </import>
      </component>


      <component type="Debug" xml:base="demos/common/Debug.xml">
        <description>
		The debug component offers facilities for assisting the AI development visually.
	</description>
        <import>
          <interface type="Debug" name="backend" source="Backend"/>
          <interface type="Conversion" name="convert" source="Physics"/>
        </import>
      </component>


      <component type="Physics" xml:base="demos/common/Physics.xml">
        <description>
		The physics component provides senses for querying physical senses, useful for
		monitoring movement or checking the current state.
	</description>
        <import>
          <interface type="Physics" name="backend" source="Backend"/>
        </import>
      </component>

    </scope>
  </component>

  <component type="Backend" xml:base="demos/common/Body.xml">
    <description>
		The body is a component implemented within the game engine that allows the brain to
		interact with the environment via backend interfaces.
	</description>
  </component>

</architecture>
<!-- - - - - - - - - - - - - - - - - - - - - - - - - - - - - - - - - - - - - - - - - - - - - -
  - Revisions:		
  -					$Log: Architecture.xml,v $
  -					Revision 1.2  2004/03/23 20:42:35  alexjc
  -					Changes to support reorganised common files and module directories
  -					
  -					Revision 1.1  2003/10/08 17:29:02  alexjc
  -					working version of Brutus the animat
  -					
  - - - - - - - - - - - - - - - - - - - - - - - - - - - - - - - - - - - - - - - - - - - - - -->
