<?xml version="1.0" encoding="UTF-8"?>
<!-- - - - - - - - - - - - - - - - - - - - - - - - - - - - - - - - - - - - - - - - - - - - - -
  - AI Game Development: Learning & Reactive Behaviors
  -
  - Copyright (c) 2002-2003 Alex J. Champandard, All Rights Reserved.
  - 
  - This program is free software; you can redistribute it and/or modify it under the terms 
  - of the GNU General Public License (GPL) as published by the Free Software Foundation.  
  - See the attached LICENSE file for details.  This program is distributed in the hope that
  - it will be useful, but WITHOUT ANY WARRANTY, without even the implied warranty of 
  - MERCHANTABILITY or FITNESS FOR A PARTICULAR PURPOSE.
  -
  - 
  - File:			Architecture.xml
  - Description:	A simple architecture for Rampage that includes a movement effector.
  - Author:			Alex J. Champandard
  - Contact:		alex@ai-depot.com
  - Revisions:		See bottom of file.
  - - - - - - - - - - - - - - - - - - - - - - - - - - - - - - - - - - - - - - - - - - - - - -->
<architecture xmlns:xi="http://www.w3.org/2001/XInclude">
  <component type="RampageBrain">
    <description>
			This brain is similar to that of Pinbot.  Sensory feedback about collision is used
			in the form of messages, which are used to change the direction of travel.  The
			weapon interface is the only additional interface, and it is connected directly to
			the body.  No intermediary component is required due to the simplicity of the
			weapon backend interface.
		</description>
    <import>
      <interface type="Relative" name="motion" source="Motion"/>
      <interface type="State" name="state" source="Physics"/>
      <interface type="Weapon" name="weapon" source="Backend"/>
    </import>
    <scope>

      <component type="Motion" xml:base="demos/common/Motion.xml">
        <description>
		The motion component provides actions for turning and stepping in arbitrary directions.
	</description>
        <import>
          <interface type="Motion" name="backend" source="Backend"/>
        </import>
      </component>


      <component type="Physics" xml:base="demos/common/Physics.xml">
        <description>
		The physics component provides senses for querying physical senses, useful for
		monitoring movement or checking the current state.
	</description>
        <import>
          <interface type="Physics" name="backend" source="Backend"/>
        </import>
      </component>

    </scope>
  </component>

  <component type="Backend" xml:base="demos/common/Body.xml">
    <description>
		The body is a component implemented within the game engine that allows the brain to
		interact with the environment via backend interfaces.
	</description>
  </component>

</architecture>
<!-- - - - - - - - - - - - - - - - - - - - - - - - - - - - - - - - - - - - - - - - - - - - - -
  - Revisions:		
  -					$Log: Architecture.xml,v $
  -					Revision 1.4  2004/04/07 22:53:49  alexjc
  -					Changes to accomodate the new location of the header files
  -					
  -					Revision 1.3  2004/03/23 20:42:35  alexjc
  -					Changes to support reorganised common files and module directories
  -					
  -					Revision 1.2  2003/10/09 12:39:06  alexjc
  -					- added inline description tags for documentation tools
  -					- formatted the layout according to previous examples
  -					
  -					Revision 1.1  2003/09/20 14:42:22  alexjc
  -					working version of Rampage the animat
  -					
  - - - - - - - - - - - - - - - - - - - - - - - - - - - - - - - - - - - - - - - - - - - - - -->
