<?xml version="1.0" encoding="UTF-8"?>
<!-- - - - - - - - - - - - - - - - - - - - - - - - - - - - - - - - - - - - - - - - - - - - - -
  - FEAR: Flexible Embodied Animat 'Rchitecture
  -
  - Copyright (c) 2003 Cerebral Creations, All Rights Reserved.
  - 
  - FEAR is free software; you can redistribute it and/or modify it under the terms of the GNU
  - General Public License (GPL), as published by the Free Software Foundation. These files are
  - distributed in the hope that they will be useful, but WITHOUT ANY WARRANTY, without even the
  - implied warranty of MERCHANTABILITY or FITNESS FOR A PARTICULAR PURPOSE.  See the attached
  - LICENSE file for details, or read http://www.gnu.org/copyleft/gpl.html.
  - 
  -
  - File:             demos\animats\Pyrophoric\Architecture.xml
  - Description:      Model of the AI architecture specifying connections between components.
  - Author:           
  - Contact:          
  - Revisions:        See bottom of file.
  - - - - - - - - - - - - - - - - - - - - - - - - - - - - - - - - - - - - - - - - - - - - - -->
<architecture>
  <component type="PyrophoricBrain"><description>
      The simplest possible implementation of a competent deathmatch animat.
    </description><import><interface type="Relative" name="motion" source="Motion"/><interface type="Visual" name="debug" source="Debug"/><interface type="State" name="state" source="Physics"/><interface type="Symbolic" name="visual" source="Vision"/><interface type="Weapon" name="weapon" source="Backend"/></import><scope><component type="Motion"/><component type="Debug"/><component type="Physics"/><component type="Vision"/></scope>
  
  </component>
  <component type="Backend">
    <description>
      Allows the brain to interact with the environment via sensors and effectors.
    </description>
  </component>
</architecture>
<!-- - - - - - - - - - - - - - - - - - - - - - - - - - - - - - - - - - - - - - - - - - - - - -
  - Revisions:    
  -                 $Log: Architecture.xml,v $
  -                 Revision 1.2  2004/04/08 10:15:10  alexjc
  -                 Changes to accomodate the new project structure
  -
  -                 Revision 1.1  2003/11/24 17:13:37  alexjc
  -                 Overhauled the demo of Pyro to match the design of 0.3.0.
  -
  - - - - - - - - - - - - - - - - - - - - - - - - - - - - - - - - - - - - - - - - - - - - - -->
